Sheet,Cell,Doan hien tai (trich),Sua / bo sung thanh,Loai,Ly do
checklist,D44,bookingMode/durationMinutes/requiredStaffRole/recordType/defaultMaterials,bookingMode/durationMinutes/requiredStaffRole/serviceType/defaultMaterials,Service: recordType > serviceType,serviceType la ten chinh thuc tren Service/Appointment; recordType chi la snapshot trong ServiceRecord (V4)
checklist,D44,ServiceRecord.recordType snapshot từ Service.recordType,ServiceRecord.recordType snapshot từ Service.serviceType,ServiceRecord: ghi ro nguon,serviceType la ten chinh thuc tren Service/Appointment; recordType chi la snapshot trong ServiceRecord (V4)
checklist,D55,definition chung (tên/mô tả/recordType/bookingMode/...,definition chung (tên/mô tả/serviceType/bookingMode/...,Service: recordType > serviceType,serviceType la ten chinh thuc tren Service/Appointment; recordType chi la snapshot trong ServiceRecord (V4)
checklist,D59,"Figma Service Record: recordType từ Service, MEDICAL/GROOMING workflow","Figma Service Record: recordType snapshot từ Service.serviceType, MEDICAL/GROOMING workflow",ServiceRecord: ghi ro nguon,serviceType la ten chinh thuc tren Service/Appointment; recordType chi la snapshot trong ServiceRecord (V4)
checklist,D60,Check Service Record: recordType từ Service;,Check Service Record: recordType snapshot từ Service.serviceType;,ServiceRecord: ghi ro nguon,serviceType la ten chinh thuc tren Service/Appointment; recordType chi la snapshot trong ServiceRecord (V4)
checklist,D71,Service có recordType rõ (GROOMING hoặc MEDICAL); ServiceRecord snapshot recordType từ Service,Service có serviceType rõ (GROOMING hoặc MEDICAL); ServiceRecord snapshot recordType từ Service.serviceType,Service + ServiceRecord,serviceType la ten chinh thuc tren Service/Appointment; recordType chi la snapshot trong ServiceRecord (V4)
checklist,E71,DONE khi recordType quyết định đúng workflow/permission,DONE khi serviceType (snapshot recordType) quyết định đúng workflow/permission,Service: recordType > serviceType,serviceType la ten chinh thuc tren Service/Appointment; recordType chi la snapshot trong ServiceRecord (V4)
feature,C9,"Admin: quản lý Service Catalog global gồm definition chung, recordType, bookingMode,","Admin: quản lý Service Catalog global gồm definition chung, serviceType, bookingMode,",Service: recordType > serviceType,serviceType la ten chinh thuc tren Service/Appointment; recordType chi la snapshot trong ServiceRecord (V4)
feature,C16,Admin/Internal: ServiceRecord snapshot recordType từ Service.,Admin/Internal: ServiceRecord snapshot recordType từ Service.serviceType.,ServiceRecord: ghi ro nguon,serviceType la ten chinh thuc tren Service/Appointment; recordType chi la snapshot trong ServiceRecord (V4)
checklist,E37,deposit mặc định 30% cho mọi booking PAY_AT_STORE nhưng có thể override NONE/FIXED/PERCENTAGE theo từng service,"deposit 30% (PERCENTAGE) cho mọi booking PAY_AT_STORE khi khách chọn PAY_AT_STORE, không override",Deposit: bo override,"Deposit khoa PERCENTAGE 30% cho mọi booking PAY_AT_STORE, khong override theo service/branch (V4 hard lock)"
checklist,E55,deposit rule đã có default 30% + override rõ,"deposit rule cố định 30% (PERCENTAGE) cho PAY_AT_STORE, không override",Deposit: bo override,"Deposit khoa PERCENTAGE 30% cho mọi booking PAY_AT_STORE, khong override theo service/branch (V4 hard lock)"
checklist,D59,deposit mặc định 30% có override,"deposit cố định 30%, chỉ cho PAY_AT_STORE, không override",Deposit: bo override,"Deposit khoa PERCENTAGE 30% cho mọi booking PAY_AT_STORE, khong override theo service/branch (V4 hard lock)"
checklist,D60,deposit default 30% cho mọi booking PAY_AT_STORE nhưng cho override,"deposit 30% cho mọi booking PAY_AT_STORE (PAY_AT_STORE), không override",Deposit: bo override,"Deposit khoa PERCENTAGE 30% cho mọi booking PAY_AT_STORE, khong override theo service/branch (V4 hard lock)"
checklist,D84,deposit default 30% + override,deposit cố định 30% (PAY_AT_STORE),Deposit: bo override,"Deposit khoa PERCENTAGE 30% cho mọi booking PAY_AT_STORE, khong override theo service/branch (V4 hard lock)"
checklist,D88,Test Appointment deposit default 30% + override,Test Appointment: ONLINE_MOCK thu 100%; PAY_AT_STORE cọc cố định 30%,Deposit + payment,"V6: ONLINE_MOCK tra 100% finalAmount ngay khi dat; PAY_AT_STORE coc 30% giu slot, 70% thu tai cua hang. Deposit 30% chi ap dung cho PAY_AT_STORE"
feature,C23,"Customer/Guest: thanh toán/cọc ở mức mock, xem deposit/refund status; reschedule self-service khi ≥24h tối đa 2 lần; cancel ≥24h hoàn 100% cọc,","Bổ sung: ONLINE_MOCK = thanh toán 100% final amount sau voucher ngay khi đặt; PAY_AT_STORE = cọc 30% final amount để giữ slot, 70% thu tại cửa hàng. Deposit được ghi nhận ngay khi cọc thành công; khi hoàn thành chỉ thu phần còn lại",Them rule thanh toan lich hen,"V6: ONLINE_MOCK tra 100% finalAmount ngay khi dat; PAY_AT_STORE coc 30% giu slot, 70% thu tai cua hang. Deposit 30% chi ap dung cho PAY_AT_STORE"
feature,C12,Customer không chọn Staff cụ thể; ...,"Bổ sung: mỗi service trong Appointment là một segment có requiredStaffRole, duration, assignedStaff riêng; backend tự tìm và reserve staff theo từng segment (nối tiếp); Appointment chỉ available khi mọi segment tìm được staff. Assign staff không đồng nghĩa CONFIRMED",Them rule segment staffing,"V6 (staffing): ONLINE_MOCK tra 100% finalAmount ngay khi dat; PAY_AT_STORE coc 30% giu slot, 70% thu tai cua hang. Deposit 30% chi ap dung cho PAY_AT_STORE"
feature,M8,Thu/ghi nhận deposit,Ghi nhận BALANCE tại quầy; DEPOSIT luôn ONLINE_MOCK và Customer/Guest mock complete.,Lam ro COD,"V6: ONLINE_MOCK tra 100% finalAmount ngay khi dat; PAY_AT_STORE coc 30% giu slot, 70% thu tai cua hang. Deposit 30% chi ap dung cho PAY_AT_STORE"
feature,booking-token,Guest token generic,Guest giao dich: X-Guest-Lookup-Token; Guest cart/checkout: X-Guest-Cart-Token,Security token,"Phan tach lookup token va cart token, dung security scheme rieng"
feature,appointment-segment-execution,Appointment multi-service chi co assignedStaff,Moi segment co executionStatus NOT_STARTED|IN_PROGRESS|COMPLETED; Appointment COMPLETED khi tat ca segment COMPLETED va ServiceRecord finalized,Segment execution,Khong finalize ca truoc khi segment khac hoan tat
checklist,booking-hold,PENDING_PAYMENT and PENDING_CONFIRMATION both have holdExpiresAt; timeout cancels and releases reservations; prepayment on system confirmation timeout is 100% refundable.,Ca PENDING_PAYMENT va PENDING_CONFIRMATION deu co holdExpiresAt; timeout cancel + release reservation,Booking hold,Booking hold must not retain slots indefinitely
feature,service-execution-role,requiredStaffRole dung staffSubRole,requiredStaffRole dung ServiceExecutionRole: CARE_STAFF_GROOMER|NURSE|VETERINARIAN; RECEPTIONIST khong execute,Execution role,Loại role reception khỏi execution workflow
feature,BY_TOPIC:payment,V6 deposit at store,PAY_AT_STORE always 30% ONLINE_MOCK deposit; Customer/Guest mock complete; at store BALANCE only,REQUIRED,No fabricated cell; locate topic before applying
business rule/flow,BY_TOPIC:inventory,Global threshold,Threshold per branch/item; Manager assigned branch/Admin ALL; Product no stock; INITIAL_STOCK receipt; procurement out-of-system,REQUIRED,V7 correction
business rule/flow,BY_TOPIC:store-cancel,No TRANSFER outcome,Cancel => refund100; reschedule-override keeps same payments,REQUIRED,Distinct actions
business rule/flow,BY_TOPIC:TA-30,Online full forfeiture,CONFIRMED: ONLINE paid100%: cancel <24h/no-show retain30% finalAmount and refund70%; cancel >=24h refund100%; store/system refund100% prepaid,CONFIRMED_BY_USER_2026_10_08,User confirmed 08/10/2026 (Asia/Saigon); read current live cells before applying
business rule/flow,BY_TOPIC:medical,Mandatory Vet execution segment,CONFIRMED: MEDICAL services by NURSE and/or VETERINARIAN; no mandatory Vet segment; direct Vet participation requires requiredStaffRole=VETERINARIAN; Nurse completes/submits WAITING_VET_REVIEW; Veterinarian must review/finalize,CONFIRMED_BY_USER_2026_10_08,User confirmed 08/10/2026 (Asia/Saigon); read current live cells before applying
checklist,BY_TOPIC:Task2.8,Static audit complete,BUSINESS_CONFIRMED / CONTRACT_REVIEW_READY; two decisions accepted; bounded static checks rerun; live Sheet reconciliation and implementation tests unverified,STATUS,No live Sheet write in this task
