Feature,UI Label,Figma Legacy Field,FE Current Field (legacy),API Field (canonical),DB Field (canonical),Type,Enum,Required,Read Roles,Write Roles,Business Meaning / Source of Truth,FE App (Angular)
M01,Email hoac SDT dang nhap,FIGMA_AVAILABLE_BUT_NOT_FROZEN,email / phone,identifier,users.email | users.phone,string,,Y,public,public,Dinh danh dang nhap,Customer Angular + Admin Angular
M01,Mat khau,FIGMA_AVAILABLE_BUT_NOT_FROZEN,password,password,users.passwordHash (khong tra ve),string>=8,,Y,-,owner,Chi luu hash,Customer Angular + Admin Angular
M01,Dong y dieu khoan,FIGMA_AVAILABLE_BUT_NOT_FROZEN,(chua co),acceptTerms,users.termsAcceptedAt,boolean const true,,Y,owner,owner,Server luu timestamp,Customer Angular + Admin Angular
M01,Role he thong,FIGMA_AVAILABLE_BUT_NOT_FROZEN,role_code,systemRole,users.systemRole,enum,ADMIN|MANAGER|STAFF|CUSTOMER,Y,"self,Manager,Admin",Admin,Khong co DOCTOR,Customer Angular + Admin Angular
M01,Vai tro nhan vien,FIGMA_AVAILABLE_BUT_NOT_FROZEN,(khong co),staffSubRole,staff_profiles.staffSubRole,enum,RECEPTIONIST|CARE_STAFF_GROOMER|VETERINARIAN|NURSE,Y (STAFF),"Staff,Manager,Admin",Admin,Veterinarian thay cho DOCTOR cu,Customer Angular + Admin Angular
M01,Dang nhap gan nhat,FIGMA_AVAILABLE_BUT_NOT_FROZEN,(khong co),lastLogin,users.lastLogin,date-time|null,,N,"self,Manager(activity scope),Admin",SERVER,Chi login thanh cong,Customer Angular + Admin Angular
M02,Trang thai kich hoat,FIGMA_AVAILABLE_BUT_NOT_FROZEN,(khong co),activationStatus,customers.activationStatus,enum,NO_ACCOUNT|PENDING_ACTIVATION|ACTIVATED,Y,"self,Manager(activity scope),Admin",SERVER,Tach khoi accountStatus,Customer Angular + Admin Angular
M03,Trang thai tai khoan,FIGMA_AVAILABLE_BUT_NOT_FROZEN,status,accountStatus,users.accountStatus,enum|null,ACTIVE|BLOCKED,Y (nullable before User exists),"self,Manager(activity scope),Admin",ADMIN qua block/unblock (Manager khong),users.accountStatus; null khi activationStatus=NO_ACCOUNT/PENDING_ACTIVATION,Admin Angular
M04,Ten thu cung,FIGMA_AVAILABLE_BUT_NOT_FROZEN,pet_name,name,pets.name,string,,Y,"owner,assigned staff,Manager(BR),Admin",owner,Pet profile,Customer Angular + Admin Angular
M04,Loai,FIGMA_AVAILABLE_BUT_NOT_FROZEN,species_id,species,pets.species,string,,Y,nt,owner,,Customer Angular + Admin Angular
M04,Can nang kg,FIGMA_AVAILABLE_BUT_NOT_FROZEN,weight_kg,weightKg,pets.weightKg,number,,N,nt,owner,,Customer Angular + Admin Angular
M11,Ten dich vu,FIGMA_AVAILABLE_BUT_NOT_FROZEN,service_name,name,services.name,string,,Y,public,Admin,Global catalog,Customer Angular + Admin Angular
M11,Loai dich vu,FIGMA_AVAILABLE_BUT_NOT_FROZEN,service_type / category,serviceType,services.serviceType,enum,GROOMING|MEDICAL,Y,public,Admin,Nguon su that duy nhat (GROOMING|MEDICAL),Customer Angular + Admin Angular
M11,Gia co ban,FIGMA_AVAILABLE_BUT_NOT_FROZEN,base_price,basePrice,services.basePrice,int VND,,Y,public,Admin,,Customer Angular + Admin Angular
M11,Thoi luong phut,FIGMA_AVAILABLE_BUT_NOT_FROZEN,duration_minutes,durationMinutes,services.durationMinutes,int>0,,Y,public,Admin,Cau hinh. Appointment dung tong,Customer Angular + Admin Angular
M11,Vai tro yeu cau,FIGMA_AVAILABLE_BUT_NOT_FROZEN,(khong co),requiredStaffRole,services.requiredStaffRole,enum,CARE_STAFF_GROOMER|NURSE|VETERINARIAN,Y,public,Admin,ServiceExecutionRole; RECEPTIONIST khong execute service; GROOMING=CARE_STAFF_GROOMER; MEDICAL=NURSE/VETERINARIAN,Customer Angular + Admin Angular
M11,Che do dat lich,FIGMA_AVAILABLE_BUT_NOT_FROZEN,(khong co),bookingMode,services.bookingMode,enum,BOOKABLE|REQUEST_ONLY|CONTACT_ONLY,Y,public,Admin,Quyet dinh CTA,Customer Angular + Admin Angular
M11,Can coc,FIGMA_AVAILABLE_BUT_NOT_FROZEN,(khong co),depositConfig.depositRequired,services.depositConfig.depositRequired,boolean,,Y,public,Admin,,Customer Angular + Admin Angular
M11,Loai coc,FIGMA_AVAILABLE_BUT_NOT_FROZEN,(khong co),depositConfig.depositType,services.depositConfig.depositType,enum,NONE|PERCENTAGE,Y,public,Admin,Bat coc => PERCENTAGE 30," dong nhat moi branch, Customer Angular + Admin Angular"
M11,Gia tri coc,FIGMA_AVAILABLE_BUT_NOT_FROZEN,(khong co),depositConfig.depositValue,services.depositConfig.depositValue,number,,Y neu bat coc,public,Admin,Co dinh 30,Customer Angular + Admin Angular
M11,Vat tu mac dinh,FIGMA_AVAILABLE_BUT_NOT_FROZEN,(khong co),defaultMaterials,services.defaultMaterials,array,,N,"Staff,Manager,Admin",Admin,Template,Admin Angular
M12,Bat/tat dich vu tai chi nhanh,FIGMA_AVAILABLE_BUT_NOT_FROZEN,(khong co),enabled,branch_service_configs.enabled,boolean,,Y,"Manager(BR),Receptionist(BR),Admin","Manager(BR),Admin",Branch Service Configuration,Customer Angular + Admin Angular
M12,Suc chua,FIGMA_AVAILABLE_BUT_NOT_FROZEN,max_booking,capacity,branch_service_configs.capacity,int>=1,,Y,nt,"Manager(BR),Admin",,Customer Angular + Admin Angular
M12,Khung gio phuc vu dich vu,FIGMA_AVAILABLE_BUT_NOT_FROZEN,operating_hours,availability,branch_service_configs.availability,array,,N,nt,"Manager(BR),Admin",Nam trong openingHours cua branch,Customer Angular + Admin Angular
M12,Gio mo cua chi nhanh,FIGMA_AVAILABLE_BUT_NOT_FROZEN,operating_hours,openingHours,branches.openingHours,array,,Y,public,"Manager(BR),Admin",,Customer Angular + Admin Angular
M13,Chi nhanh duoc phep,FIGMA_AVAILABLE_BUT_NOT_FROZEN,(khong co),authorizedBranchIds,staff_profiles.authorizedBranchIds,ObjectId[],,Y,"Staff,Manager,Admin",Admin,,Admin Angular
M13,Chi nhanh chinh,FIGMA_AVAILABLE_BUT_NOT_FROZEN,branch_id,homeBranchId,staff_profiles.homeBranchId,ObjectId|null,,N,"Staff,Manager,Admin",Admin,Khong dung tinh availability,Admin Angular
M13,Chi nhanh quan ly,FIGMA_AVAILABLE_BUT_NOT_FROZEN,(khong co),assignedBranchIds,users.assignedBranchIds,ObjectId[],,Y (MANAGER),"self,Admin",Admin,,Admin Angular
M13,Ca lam chi nhanh,FIGMA_AVAILABLE_BUT_NOT_FROZEN,(khong co),branchId,shifts.branchId,ObjectId,,Y,"Staff own,Manager(BR),Admin","Manager(BR),Admin",Shift Branch,Admin Angular
M13,Ca lam thoi gian,FIGMA_AVAILABLE_BUT_NOT_FROZEN,(khong co),startAt,shifts.startAt,date-time,,Y,nt,"Manager(BR),Admin",,Admin Angular
M15,Dich vu da chon,FIGMA_AVAILABLE_BUT_NOT_FROZEN,selectedServices[],serviceIds,appointments.services[].serviceId,ObjectId[],,Y,"owner,scope",Customer/Guest,Cung serviceType,Customer Angular + Admin Angular
M15,Loai dich vu cua lich,FIGMA_AVAILABLE_BUT_NOT_FROZEN,(khong co),serviceType,appointments.serviceType,enum,GROOMING|MEDICAL,Y,"owner,scope",SERVER,Cung serviceType cho moi service trong lich,Customer Angular + Admin Angular
M15,Tong thoi luong,FIGMA_AVAILABLE_BUT_NOT_FROZEN,(khong co),scheduledDurationMinutes,appointments.scheduledDurationMinutes,int,,Y,"owner,scope",SERVER,= sum durationMinutes,Customer Angular + Admin Angular
M15,Khung gio,FIGMA_AVAILABLE_BUT_NOT_FROZEN,slot_id,slotStart,appointments.scheduledStart,date-time,,Y,"owner,scope",Customer/Guest,,Customer Angular + Admin Angular
M15,Trang thai lich hen,FIGMA_AVAILABLE_BUT_NOT_FROZEN,status,status,appointments.status,enum,PENDING_PAYMENT|PENDING_CONFIRMATION|CONFIRMED|IN_PROGRESS|COMPLETED|CANCELLED|NO_SHOW,Y,"owner,scope",action endpoints,,Customer Angular + Admin Angular
M15,So lan doi lich,FIGMA_AVAILABLE_BUT_NOT_FROZEN,(khong co),rescheduleCount,appointments.rescheduleCount,int 0..2,,Y,"owner,scope",SERVER,,Customer Angular + Admin Angular
M15,Hanh dong duoc phep,FIGMA_AVAILABLE_BUT_NOT_FROZEN,tu tinh tren FE,allowedActions,(tinh khi tra ve),enum[],RESCHEDULE|CANCEL|PAY_PREPAYMENT|PAY_BALANCE|REQUEST_REFUND,Y,"owner,scope",SERVER,,Customer Angular + Admin Angular
M16,Tam tinh,FIGMA_AVAILABLE_BUT_NOT_FROZEN,(khong co),pricing.subtotal,appointments.pricing.subtotal,int VND,,Y,"owner,scope",SERVER,,Customer Angular + Admin Angular
M16,Giam gia voucher,FIGMA_AVAILABLE_BUT_NOT_FROZEN,(khong co),pricing.voucherDiscount,appointments.pricing.voucherDiscount,int VND,,Y,"owner,scope",SERVER,,Customer Angular + Admin Angular
M16,Tong phai tra,FIGMA_AVAILABLE_BUT_NOT_FROZEN,(khong co),pricing.finalAmount,appointments.pricing.finalAmount,int VND,,Y,"owner,scope",SERVER,Sau voucher,Customer Angular + Admin Angular
M16,Tien coc,FIGMA_AVAILABLE_BUT_NOT_FROZEN,(khong co),pricing.depositAmount,appointments.pricing.depositAmount,int VND,,Y,"owner,scope",SERVER,"30% finalAmount, CHI khi PAY_AT_STORE co service bat coc; ONLINE_MOCK = 0",Customer Angular + Admin Angular
M16,So du con lai,FIGMA_AVAILABLE_BUT_NOT_FROZEN,(khong co),pricing.balanceAmount,appointments.pricing.balanceAmount,int VND,,Y,"owner,scope",SERVER,ONLINE_MOCK = 0; PAY_AT_STORE = finalAmount - depositAmount,Customer Angular + Admin Angular
M16,Trang thai coc,FIGMA_AVAILABLE_BUT_NOT_FROZEN,payment_status,deposit.status,appointments.deposit.status,enum,NOT_REQUIRED|PENDING|HELD|APPLIED|REFUNDED|FORFEITED,Y,"owner,scope",SERVER,,Customer Angular + Admin Angular
M16,Trang thai thanh toan,FIGMA_AVAILABLE_BUT_NOT_FROZEN,payment_status,status,payments.status,enum,PENDING|PAID|FAILED|CANCELLED|EXPIRED|REFUND_PENDING|REFUNDED,Y,"owner,scope",SERVER,,Customer Angular + Admin Angular
M16,Loai thanh toan,FIGMA_AVAILABLE_BUT_NOT_FROZEN,(khong co),kind,payments.kind,enum,DEPOSIT|BALANCE|FULL|ORDER,Y,"owner,scope",SERVER,FULL = thanh toan 100% (ONLINE_MOCK lich hen); DEPOSIT = coc 30% (PAY_AT_STORE); BALANCE = phan con lai thu tai cua hang,Customer Angular + Admin Angular
M16,Ly do hoan khoan tra truoc,FIGMA_AVAILABLE_BUT_NOT_FROZEN,(khong co),reason,booking_refunds.reason,string,,Y,"owner,scope",owner,,Customer Angular + Admin Angular
M09,So luong tra,FIGMA_AVAILABLE_BUT_NOT_FROZEN,(khong co),items[].quantity,order_returns.items[].requestedQty,int>=1,,Y,"owner,scope",Customer,<= returnableQty,Customer Angular + Admin Angular
M09,So luong con tra duoc,FIGMA_AVAILABLE_BUT_NOT_FROZEN,(khong co),returnableQty,(tinh tu orders.items - order_returns),int>=0,,Y,"owner,scope",SERVER,ordered - alreadyReturned,Customer Angular + Admin Angular
M09,Han tra hang,FIGMA_AVAILABLE_BUT_NOT_FROZEN,(khong co),returnWindowEndsAt,orders.deliveredAt + 7d,date-time,,Y,"owner,scope",SERVER,orders.deliveredAt (ghi luc bam Mark Delivered) + 7 ngay,Customer Angular + Admin Angular
M09,Trang thai tra hang,FIGMA_AVAILABLE_BUT_NOT_FROZEN,refunds.status,status,order_returns.status,enum,REQUESTED|PROCESSING|APPROVED|REJECTED|CANCELLED|RECEIVED|COMPLETED,Y,"owner,scope",action endpoints,REQUESTED > PROCESSING > RECEIVED > APPROVED > COMPLETED; REJECTED tu PROCESSING/RECEIVED,Customer Angular + Admin Angular
M09,Trang thai hoan tien don hang,FIGMA_AVAILABLE_BUT_NOT_FROZEN,refunds.status,status,order_refunds.status,enum,PENDING|REFUNDED|FAILED,Y,"owner,scope",SERVER,REQUESTED > PROCESSING > RECEIVED > APPROVED > COMPLETED; REJECTED tu PROCESSING/RECEIVED,Customer Angular + Admin Angular
M17,Vat tu du kien,FIGMA_AVAILABLE_BUT_NOT_FROZEN,(khong co),plannedMaterials,service_records.plannedMaterials,array,,Y,"Staff,Manager,Admin",SERVER,Bat bien,Customer Angular + Admin Angular
M17,Vat tu thuc te,FIGMA_AVAILABLE_BUT_NOT_FROZEN,(khong co),actualMaterials,service_records.actualMaterials,array,,Y,"Staff,Manager,Admin","Care(GROOMING),Nurse(MEDICAL)",Nguon dong kho,Customer Angular + Admin Angular
M17,Chan doan dieu tri ket qua,FIGMA_AVAILABLE_BUT_NOT_FROZEN,medical_records.*,professional,service_records.professional,object,,Y (MEDICAL),"Vet,Nurse(R),Manager,Admin",Veterinarian,,Customer Angular + Admin Angular
M17,Trang thai ho so,FIGMA_AVAILABLE_BUT_NOT_FROZEN,(khong co),status,service_records.status,enum,DRAFT|IN_PROGRESS|WAITING_VET_REVIEW|FINALIZED|REOPENED,Y,nt,action endpoints,,Customer Angular + Admin Angular
M17,Loai ho so,FIGMA_AVAILABLE_BUT_NOT_FROZEN,(khong co),recordType,service_records.recordType,enum,GROOMING|MEDICAL,Y,nt,SERVER,Snapshot của services.serviceType; ServiceRecord là encounter-level aggregate theo Appointment,Customer Angular + Admin Angular
M17,Phien ban ho so,FIGMA_AVAILABLE_BUT_NOT_FROZEN,(khong co),recordVersion,service_records.recordVersion,int,,Y,nt,SERVER,Tang moi lan finalize,Customer Angular + Admin Angular
M17,Delta vat tu,FIGMA_AVAILABLE_BUT_NOT_FROZEN,(khong co),delta,service_record_revisions.delta,array,,Y,"Staff(assigned),Manager,Admin",SERVER,newActual - previousActual,Customer Angular + Admin Angular
M06,Ton kho,FIGMA_AVAILABLE_BUT_NOT_FROZEN,stock_quantity,quantity,inventory_stocks.quantity,number>=0,,Y,"Staff(limited),Manager,Admin",KHONG ghi truc tiep,Projection tu ledger,Admin Angular
M06,Loai giao dich kho,FIGMA_AVAILABLE_BUT_NOT_FROZEN,(khong co),transactionType,inventory_transactions.transactionType,enum,RECEIPT|ISSUE|ADJUSTMENT|TRANSFER,Y,"Manager,Admin",qua operation,,Admin Angular
M06,Nguon giao dich,FIGMA_AVAILABLE_BUT_NOT_FROZEN,(khong co),sourceType,inventory_transactions.sourceType,enum,MANUAL|SERVICE_RECORD_REVISION|ORDER|TRANSFER,Y,"Manager,Admin",SERVER,,Admin Angular
M06,Ly do,FIGMA_AVAILABLE_BUT_NOT_FROZEN,(khong co),reason,inventory_transactions.reason,string>=3,,Y,"Manager,Admin","Manager,Admin",,Admin Angular
M18,Danh gia an danh,FIGMA_AVAILABLE_BUT_NOT_FROZEN,(chua co),anonymous,reviews.anonymous,boolean,,N,public; Manager/Admin thay owner,owner,,Customer Angular + Admin Angular
M09,Hoan tien: gia tri hang net,FIGMA_AVAILABLE_BUT_NOT_FROZEN,(khong co),refundBreakdown.merchandiseNet,order_returns.refundBreakdown.merchandiseNet,int VND,,Y,"owner,scope",SERVER,= sum refundAmount cac dong,Customer Angular + Admin Angular
M09,Hoan tien: phi van chuyen,FIGMA_AVAILABLE_BUT_NOT_FROZEN,(khong co),refundBreakdown.shippingRefunded,order_returns.refundBreakdown.shippingRefunded,int const 0,,Y,"owner,scope",SERVER,Khong hoan shipping,Customer Angular + Admin Angular
M09,Tong hoan,FIGMA_AVAILABLE_BUT_NOT_FROZEN,(khong co),refundBreakdown.total,order_returns.refundBreakdown.total,int VND,,Y,"owner,scope",SERVER,= merchandiseNet = order_refunds.amount. Server tinh,Customer Angular + Admin Angular
M09,Hoan theo dong tra,FIGMA_AVAILABLE_BUT_NOT_FROZEN,(khong co),refundAmount,order_returns.items[].refundAmount,int VND,,Y,"owner,scope",SERVER,Phan gia thuc te khach da tra cho item/qty sau discount,Customer Angular + Admin Angular
M05,Ten san pham,FIGMA_AVAILABLE_BUT_NOT_FROZEN,product_name,name,products.name,string,,Y,public,Admin,products,Customer Angular + Admin Angular
M05,Danh muc,FIGMA_AVAILABLE_BUT_NOT_FROZEN,category_id,categoryId,products.categoryId,ObjectId,,Y,public,Admin,categories,Customer Angular + Admin Angular
M05,Trang thai san pham,FIGMA_AVAILABLE_BUT_NOT_FROZEN,status,status,products.status,enum,ACTIVE|INACTIVE|ARCHIVED,Y,"public(ACTIVE),Admin",Admin,products,Customer Angular + Admin Angular
M05,Bien the: gia,FIGMA_AVAILABLE_BUT_NOT_FROZEN,variants[].price,variants[].price,products.variants[].price,int VND,,Y,public,Admin,products,Customer Angular + Admin Angular
M05,Bien the: SKU,FIGMA_AVAILABLE_BUT_NOT_FROZEN,variants[].sku,variants[].sku,products.variants[].sku,string,,Y,public,Admin,products,Customer Angular + Admin Angular
M05,Het hang,FIGMA_AVAILABLE_BUT_NOT_FROZEN,stock/outOfStock,outOfStock,(tinh tu inventory_stocks),boolean,,Y,public,SERVER,inventory,Customer Angular + Admin Angular
M05,Tim kiem/loc/sap xep,FIGMA_AVAILABLE_BUT_NOT_FROZEN,search params,"q, categoryId, minPrice, maxPrice, sort, inStockOnly",(query),query,NEWEST|NAME_ASC|NAME_DESC|PRICE_ASC|PRICE_DESC,N,public,public,products,Customer Angular + Admin Angular
M07,So luong,FIGMA_AVAILABLE_BUT_NOT_FROZEN,quantity,quantity,carts.items[].quantity,int 1..99,,Y,owner,owner,carts,Customer Angular + Admin Angular
M07,Token gio hang (Guest),FIGMA_AVAILABLE_BUT_NOT_FROZEN,(khong co),cartToken,carts.tokenHash,string,,N,guest,SERVER,"Guest cart token, gui qua X-Guest-Cart-Token; DB chi luu hash",Customer Angular + Admin Angular
M07,Dia chi nhan hang,FIGMA_AVAILABLE_BUT_NOT_FROZEN,address form,shippingAddress,orders.shippingAddress,object,,Y,"owner,scope",Customer/Guest,orders,Customer Angular + Admin Angular
M07,Ma voucher,FIGMA_AVAILABLE_BUT_NOT_FROZEN,voucher_code,voucherCode,orders.voucherCode; appointments.pricing.voucherId,string,,N,owner,Customer/Guest,vouchers,Customer Angular + Admin Angular
M07,Tam tinh hang,FIGMA_AVAILABLE_BUT_NOT_FROZEN,subtotal,pricing.merchandiseSubtotal,orders.pricing.merchandiseSubtotal,int VND,,Y,"owner,scope",SERVER,orders,Customer Angular + Admin Angular
M07,Giam gia voucher,FIGMA_AVAILABLE_BUT_NOT_FROZEN,discount,pricing.voucherDiscount,orders.pricing.voucherDiscount,int VND,,Y,"owner,scope",SERVER,orders,Customer Angular + Admin Angular
M07,Phi van chuyen,FIGMA_AVAILABLE_BUT_NOT_FROZEN,shipping_fee,pricing.shippingFee,orders.pricing.shippingFee,int VND,,Y,"owner,scope",SERVER,orders,Customer Angular + Admin Angular
M07,Tong thanh toan,FIGMA_AVAILABLE_BUT_NOT_FROZEN,total,pricing.totalAmount,orders.pricing.totalAmount,int VND,,Y,"owner,scope",SERVER,orders,Customer Angular + Admin Angular
M07,Nguong freeship,FIGMA_AVAILABLE_BUT_NOT_FROZEN,(khong co),freeShippingThreshold,system_settings.commerce.freeShippingThreshold,int VND,,Y,public,Admin,settings,Customer Angular + Admin Angular
M07,Phi van chuyen co dinh,FIGMA_AVAILABLE_BUT_NOT_FROZEN,(khong co),shippingFlatFee,system_settings.commerce.shippingFlatFee,int VND,,Y,public,Admin,settings,Customer Angular + Admin Angular
M08,Trang thai don hang,FIGMA_AVAILABLE_BUT_NOT_FROZEN,status,status,orders.status,enum,PENDING|CONFIRMED|PROCESSING|SHIPPED|COMPLETED|CANCELLED,Y,"owner,scope",action endpoints,orders,Customer Angular + Admin Angular
M08,Dong hang: gia thuc tra,FIGMA_AVAILABLE_BUT_NOT_FROZEN,(khong co),items[].lineNet,orders.items[].lineNet,int VND,,Y,"owner,scope",SERVER,orders,Customer Angular + Admin Angular
M08,Dong hang: discount phan bo,FIGMA_AVAILABLE_BUT_NOT_FROZEN,(khong co),items[].allocatedDiscount,orders.items[].allocatedDiscount,int VND,,Y,"owner,scope",SERVER,orders,Customer Angular + Admin Angular
M08,Ngay giao,FIGMA_AVAILABLE_BUT_NOT_FROZEN,(khong co),deliveredAt,orders.deliveredAt,date-time|null,,N,"owner,scope",SERVER,orders,Customer Angular + Admin Angular
M08,Thanh toan don hang,FIGMA_AVAILABLE_BUT_NOT_FROZEN,payment_status,payment.status,payments.status,enum,PENDING|PAID|FAILED|CANCELLED|EXPIRED|REFUND_PENDING|REFUNDED,Y,"owner,scope",SERVER,payments,Customer Angular + Admin Angular
M09,Nguyen nhan hoan tien,FIGMA_AVAILABLE_BUT_NOT_FROZEN,(khong co),cause,order_refunds.cause,enum,RETURN|CANCELLATION,Y,"owner,scope",SERVER,order_refunds,Customer Angular + Admin Angular
M03,Customer co activity tai branch,FIGMA_AVAILABLE_BUT_NOT_FROZEN,(khong co),"(loc theo activity, xem 08)",customers.activityBranchIds,ObjectId[],,-,"Manager,Admin",SERVER,customers,Admin Angular
M01,Mat khau moi,FIGMA_AVAILABLE_BUT_NOT_FROZEN,password,password,users.passwordHash,string,,Y,-,owner,users,Customer Angular + Admin Angular
M15,Ghi nhan thu tai quay,FIGMA_AVAILABLE_BUT_NOT_FROZEN,(khong co),POST /payments/{id}/record-at-store,payments.status,action,,-,"Receptionist,Manager,Admin","Receptionist,Manager,Admin",Chi Appointment PAY_AT_STORE (DEPOSIT/BALANCE). Khong dung cho Order COD,Customer Angular + Admin Angular
M10,Ma voucher (quan tri),FIGMA_AVAILABLE_BUT_NOT_FROZEN,code,code,vouchers.code,string,,Y,"Manager,Admin",Admin,vouchers,Customer Angular + Admin Angular
M10,Quota,FIGMA_AVAILABLE_BUT_NOT_FROZEN,quota,quota,vouchers.quota,int,,Y,"Manager,Admin",Admin,vouchers,Customer Angular + Admin Angular
M01,Thong bao,FIGMA_AVAILABLE_BUT_NOT_FROZEN,(chuong thong bao),title,notifications,array,,-,owner,SERVER,notifications,Customer Angular + Admin Angular
M07,Phuong thuc thanh toan don hang,FIGMA_AVAILABLE_BUT_NOT_FROZEN,payment_method,paymentMethod,orders.paymentMethod,enum,ONLINE_MOCK|COD,Y,"owner,scope",Customer/Guest,orders (Order chi ONLINE_MOCK/COD),Customer Angular + Admin Angular
M15,Phuong thuc thanh toan lich hen,FIGMA_AVAILABLE_BUT_NOT_FROZEN,payment_method,paymentMethod,payments.method,enum,ONLINE_MOCK|PAY_AT_STORE,Y,"owner,scope",Customer/Guest; Receptionist/Manager/Admin (dat ho),"ONLINE_MOCK = trả 100% finalAmount; PAY_AT_STORE = cọc 30% nếu service cần cọc, phần còn lại trả tại cửa hàng; không COD",Customer Angular + Admin Angular
M15,Dat ho: Customer,FIGMA_AVAILABLE_BUT_NOT_FROZEN,(khong co),customerId,appointments.customerId,ObjectId,,Y mot trong hai,"Receptionist,Manager,Admin","Receptionist,Manager,Admin",appointments (XOR contact),Customer Angular + Admin Angular
M15,Dat ho: Guest,FIGMA_AVAILABLE_BUT_NOT_FROZEN,(khong co),contact,guest_contacts + appointments.customerSnapshot,object,,Y mot trong hai,"Receptionist,Manager,Admin","Receptionist,Manager,Admin",guest_contacts (khong tao account),Customer Angular + Admin Angular
M08,Branch xu ly don,FIGMA_AVAILABLE_BUT_NOT_FROZEN,(khong co),fulfillmentBranchId,orders.fulfillmentBranchId,ObjectId,,Y,scope,SERVER (Customer khong chon),orders. Resolver: branch ACTIVE dau tien trong fulfillmentBranchPriority du ton toan bo cart,Customer Angular + Admin Angular
M08,Het hang (hien thi),FIGMA_AVAILABLE_BUT_NOT_FROZEN,stock/outOfStock,outOfStock,(tinh tong ton cac branch),boolean,,Y,public,SERVER,inventory,Customer Angular + Admin Angular
M05,Bien the (Admin),FIGMA_AVAILABLE_BUT_NOT_FROZEN,variants[],variants,products.variants[],object,,Y,Admin,Admin,products,Customer Angular + Admin Angular
M09,Tinh truoc hoan tien,FIGMA_AVAILABLE_BUT_NOT_FROZEN,(khong co),refundBreakdown,(khong luu),object,,N,owner,SERVER,tinh tu orders.items[].lineNet,Customer Angular + Admin Angular
M07,Validate gio hang,FIGMA_AVAILABLE_BUT_NOT_FROZEN,(khong co),valid,(khong luu),object,,N,owner,SERVER,carts + products + inventory,Customer Angular + Admin Angular
M07,Danh sach branch uu tien fulfill,FIGMA_AVAILABLE_BUT_NOT_FROZEN,(khong co),fulfillmentBranchPriority,system_settings.commerce.fulfillmentBranchPriority,ObjectId[],,Y,Admin,Admin,Cau hinh Admin; khong public,Admin Angular
M07,Co the fulfill,FIGMA_AVAILABLE_BUT_NOT_FROZEN,(khong co),fulfillable,(tinh boi resolver),boolean,,Y,owner,SERVER,checkout quote/validate,Customer Angular + Admin Angular
M07,Ly do khong fulfill,FIGMA_AVAILABLE_BUT_NOT_FROZEN,(khong co),fulfillmentIssue,(khong luu),enum|null,NOT_FULFILLABLE_BY_SINGLE_BRANCH|FULFILLMENT_NOT_CONFIGURED,N,owner,SERVER,checkout quote/validate,Customer Angular + Admin Angular
M16,Da thanh toan,FIGMA_AVAILABLE_BUT_NOT_FROZEN,(khong co),pricing.paidAmount,appointments.pricing.paidAmount,int VND,,Y,"owner,scope",SERVER,Ghi nhan ngay khi coc hoac thanh toan thanh cong; khong cho balance,Customer Angular + Admin Angular
M15,Thu tu thuc hien (segment),FIGMA_AVAILABLE_BUT_NOT_FROZEN,(khong co),services[].sequence,appointments.services[].sequence,int>=1,,Y,"owner,scope",SERVER,Cac segment noi tiep,Customer Angular + Admin Angular
M15,Bat dau/ket thuc segment,FIGMA_AVAILABLE_BUT_NOT_FROZEN,(khong co),services[].scheduledStart/scheduledEnd,appointments.services[].scheduledStart/scheduledEnd,date-time,,Y,"owner,scope",SERVER,Moi segment co khoang rieng,Customer Angular + Admin Angular
M15,Staff cua segment,FIGMA_AVAILABLE_BUT_NOT_FROZEN,doctor_id,services[].assignedStaffId,appointments.services[].assignedStaffId,ObjectId|null,,N,"Staff,Manager,Admin; Customer thay ten",SERVER tu tim; Receptionist/Manager/Admin doi qua appointmentSegmentReassign,Staff của từng service segment; role khớp requiredStaffRole; Customer không chọn,Admin Angular
M15,Doi staff cho segment,FIGMA_AVAILABLE_BUT_NOT_FROZEN,(khong co),staffId,(request appointmentSegmentReassign),ObjectId,,Y,"Receptionist,Manager,Admin","Receptionist,Manager,Admin",staff khac role => STAFF_ROLE_MISMATCH; khong ranh => STAFF_UNAVAILABLE,Admin Angular
M15,Chi dinh staff khi dat ho,FIGMA_AVAILABLE_BUT_NOT_FROZEN,(khong co),staffAssignments,appointments.services[].assignedStaffId,array,,N,"Receptionist,Manager,Admin","Receptionist,Manager,Admin","Chi la phan cong, khong lam CONFIRMED",Admin Angular
M15,Timeline kha dung theo segment,FIGMA_AVAILABLE_BUT_NOT_FROZEN,(khong co),segments,"(tinh, khong luu)",array,,N,public,SERVER,Khong lo staff,Customer Angular
M15,Phuong thuc dat ho,FIGMA_AVAILABLE_BUT_NOT_FROZEN,(khong co),paymentMethod,payments.method,enum,ONLINE_MOCK|PAY_AT_STORE,Y,"Receptionist,Manager,Admin","Receptionist,Manager,Admin","ONLINE_MOCK = trả 100% finalAmount; PAY_AT_STORE = cọc 30% nếu service cần cọc, phần còn lại trả tại cửa hàng; không COD",Admin Angular
M17,Staff cua ho so dich vu,FIGMA_AVAILABLE_BUT_NOT_FROZEN,(khong co),assignedStaffIds,service_records.assignedStaffIds,ObjectId[],,Y,"Staff,Manager,Admin",SERVER,Derived tu cac segment,Admin Angular
M15,Thời hạn giữ lịch chờ xác nhận,FIGMA_AVAILABLE_BUT_NOT_FROZEN,(không có),holdExpiresAt,appointments.holdExpiresAt,date-time|null,date-time|null,Y (nullable terminal),server,PENDING_PAYMENT/PENDING_CONFIRMATION required; HELD reservation mirrors deadline; timeout releases,PENDING_PAYMENT/PENDING_CONFIRMATION bat buoc non-null; both timeout,Customer Angular + Admin Angular
M11,Thông tin liên hệ dịch vụ,FIGMA_AVAILABLE_BUT_NOT_FROZEN,(không có),contactInfo,services.contactInfo,object,,N,public,Admin,Global Service info; không có branchId; branch address/phone lấy từ Branch,Customer Angular + Admin Angular
,,,,,,enum,,Y,,,,
,,,,,,enum,,Y,,,,
,,,,,,enum,,Y,,,,
M15,Trang thai thuc hien segment,FIGMA_AVAILABLE_BUT_NOT_FROZEN,(khong co),services[].executionStatus,appointments.services[].executionStatus,enum,NOT_STARTED|IN_PROGRESS|COMPLETED,Y,"owner,scope",SERVER,Nguon su that cho tien do tung service segment,Customer Angular + Admin Angular
M16,Payment method,FIGMA_AVAILABLE_BUT_NOT_FROZEN,(khong co),method,payments.method,enum,ONLINE_MOCK|PAY_AT_STORE|COD,Y,"owner,scope",SERVER,Target-specific: Appointment ONLINE_MOCK/PAY_AT_STORE; Order ONLINE_MOCK/COD,Customer Angular + Admin Angular
M15,Guest appointment reference,FIGMA_AVAILABLE_BUT_NOT_FROZEN,(khong co),guestContactId,appointments.guestContactId,ObjectId|null,,N,"owner,scope",SERVER,Null khi Customer appointment; dung de truy vet Guest booking,Customer Angular + Admin Angular
M15,Contact snapshot,FIGMA_AVAILABLE_BUT_NOT_FROZEN,(khong co),contactSnapshot,appointments.contactSnapshot,object|null,,N,"owner,scope",SERVER,Guest contact snapshot; null khi Customer appointment,Customer Angular + Admin Angular
M15,Pet reference,FIGMA_AVAILABLE_BUT_NOT_FROZEN,(khong co),petId,appointments.petId,ObjectId|null,,N,"owner,scope",SERVER,Snapshot van la history source,Customer Angular + Admin Angular
M15,Segment execution status,FIGMA_AVAILABLE_BUT_NOT_FROZEN,(khong co),executionStatus,appointments.services[].executionStatus,enum,,Y,server,SERVER,NOT_STARTED -> IN_PROGRESS -> COMPLETED per segment,Customer Angular + Admin Angular
M15,Reservation unit,FIGMA_AVAILABLE_BUT_NOT_FROZEN,(khong co),slotStartUnit,slot_reservations.slotStartUnit,date-time,,Y,server,SERVER,15-minute time-unit start used for overlap protection,Admin Angular
M15,ServiceRecord optimistic concurrency,FIGMA_AVAILABLE_BUT_NOT_FROZEN,(khong co),expectedVersion,service_records.version,integer,,Y,client request,CLIENT,Required on record mutations; stale => 409,Admin Angular
