Sheet,Cell,Doan hien tai (trich),Sua thanh,Loai,Ly do
checklist,D44,bookingMode/durationMinutes/requiredStaffRole/recordType/deposit config/defaultMaterials,bookingMode/durationMinutes/requiredStaffRole/serviceType/deposit config/defaultMaterials,Service: recordType > serviceType,serviceType la ten chinh thuc tren Service/Appointment; recordType chi la snapshot trong ServiceRecord (V4/V5)
checklist,D44,ServiceRecord.recordType snapshot từ Service.recordType,ServiceRecord.recordType snapshot từ Service.serviceType,"ServiceRecord: giu recordType, ghi ro nguon",serviceType la ten chinh thuc tren Service/Appointment; recordType chi la snapshot trong ServiceRecord (V4/V5)
checklist,D55,definition chung (tên/mô tả/recordType/bookingMode/...,definition chung (tên/mô tả/serviceType/bookingMode/...,Service: recordType > serviceType,serviceType la ten chinh thuc tren Service/Appointment; recordType chi la snapshot trong ServiceRecord (V4/V5)
checklist,D59,"Figma Service Record: recordType từ Service, MEDICAL/GROOMING workflow","Figma Service Record: recordType snapshot từ Service.serviceType, MEDICAL/GROOMING workflow",ServiceRecord: ghi ro nguon,serviceType la ten chinh thuc tren Service/Appointment; recordType chi la snapshot trong ServiceRecord (V4/V5)
checklist,D60,Check Service Record: recordType từ Service;,Check Service Record: recordType snapshot từ Service.serviceType;,ServiceRecord: ghi ro nguon,serviceType la ten chinh thuc tren Service/Appointment; recordType chi la snapshot trong ServiceRecord (V4/V5)
checklist,D71,Service có recordType rõ (GROOMING hoặc MEDICAL); ServiceRecord snapshot recordType từ Service,Service có serviceType rõ (GROOMING hoặc MEDICAL); ServiceRecord snapshot recordType từ Service.serviceType,Service + ServiceRecord,serviceType la ten chinh thuc tren Service/Appointment; recordType chi la snapshot trong ServiceRecord (V4/V5)
checklist,E71,DONE khi recordType quyết định đúng workflow/permission,DONE khi serviceType (snapshot recordType) quyết định đúng workflow/permission,Service: recordType > serviceType,serviceType la ten chinh thuc tren Service/Appointment; recordType chi la snapshot trong ServiceRecord (V4/V5)
feature,C9,"Admin: quản lý Service Catalog global gồm definition chung, recordType, bookingMode,","Admin: quản lý Service Catalog global gồm definition chung, serviceType, bookingMode,",Service: recordType > serviceType,serviceType la ten chinh thuc tren Service/Appointment; recordType chi la snapshot trong ServiceRecord (V4/V5)
feature,C16,Admin/Internal: ServiceRecord snapshot recordType từ Service.,Admin/Internal: ServiceRecord snapshot recordType từ Service.serviceType.,ServiceRecord: ghi ro nguon,serviceType la ten chinh thuc tren Service/Appointment; recordType chi la snapshot trong ServiceRecord (V4/V5)
checklist,E37,deposit mặc định 30% cho service yêu cầu cọc nhưng có thể override NONE/FIXED/PERCENTAGE theo từng service,"deposit 30% (PERCENTAGE) cho service yêu cầu cọc, không override",Deposit: bo override,"Deposit khoa PERCENTAGE 30% cho service bat coc, khong override theo service/branch (V4 hard lock)"
checklist,E55,deposit rule đã có default 30% + override rõ,"deposit rule cố định 30% (PERCENTAGE), không override",Deposit: bo override,"Deposit khoa PERCENTAGE 30% cho service bat coc, khong override theo service/branch (V4 hard lock)"
checklist,D59,deposit mặc định 30% có override,"deposit cố định 30%, không override",Deposit: bo override,"Deposit khoa PERCENTAGE 30% cho service bat coc, khong override theo service/branch (V4 hard lock)"
checklist,D60,deposit default 30% cho service yêu cầu cọc nhưng cho override,"deposit 30% cho service yêu cầu cọc, không override",Deposit: bo override,"Deposit khoa PERCENTAGE 30% cho service bat coc, khong override theo service/branch (V4 hard lock)"
checklist,D84,deposit default 30% + override,deposit cố định 30%,Deposit: bo override,"Deposit khoa PERCENTAGE 30% cho service bat coc, khong override theo service/branch (V4 hard lock)"
checklist,D88,Test Appointment deposit default 30% + override,Test Appointment deposit cố định 30%,Deposit: bo override,"Deposit khoa PERCENTAGE 30% cho service bat coc, khong override theo service/branch (V4 hard lock)"
